{
  "main": {
    "id": "d4edaab54ac639fc",
    "type": "split",
    "children": [
      {
        "id": "cc4e5d0cb93fdec3",
        "type": "tabs",
        "children": [
          {
            "id": "7e45cd54bcffeecc",
            "type": "leaf",
            "state": {
              "type": "empty",
              "state": {},
              "icon": "lucide-file",
              "title": "New tab"
            }
          }
        ]
      }
    ],
    "direction": "vertical"
  },
  "left": {
    "id": "cdb03eda0530ab80",
    "type": "split",
    "children": [
      {
        "id": "8ccc973b5fe065f0",
        "type": "tabs",
        "children": [
          {
            "id": "b311e734b510e81e",
            "type": "leaf",
            "state": {
              "type": "file-explorer",
              "state": {
                "sortOrder": "alphabetical",
                "autoReveal": false
              },
              "icon": "lucide-folder-closed",
              "title": "Files"
            }
          },
          {
            "id": "dde978c348019ef8",
            "type": "leaf",
            "state": {
              "type": "search",
              "state": {
                "query": "",
                "matchingCase": false,
                "explainSearch": false,
                "collapseAll": false,
                "extraContext": false,
                "sortOrder": "alphabetical"
              },
              "icon": "lucide-search",
              "title": "Search"
            }
          },
          {
            "id": "e08b952ff10b90a2",
            "type": "leaf",
            "state": {
              "type": "bookmarks",
              "state": {},
              "icon": "lucide-bookmark",
              "title": "Bookmarks"
            }
          }
        ]
      }
    ],
    "direction": "horizontal",
    "width": 366.5
  },
  "right": {
    "id": "5a69c239d532bd30",
    "type": "split",
    "children": [
      {
        "id": "2c033b2f0bee3402",
        "type": "tabs",
        "children": [
          {
            "id": "4d03f28f61178344",
            "type": "leaf",
            "state": {
              "type": "backlink",
              "state": {
                "collapseAll": false,
                "extraContext": false,
                "sortOrder": "alphabetical",
                "showSearch": false,
                "searchQuery": "",
                "backlinkCollapsed": false,
                "unlinkedCollapsed": true
              },
              "icon": "links-coming-in",
              "title": "Backlinks"
            }
          },
          {
            "id": "e2857aabca54acf4",
            "type": "leaf",
            "state": {
              "type": "outgoing-link",
              "state": {
                "file": "Projects/Sample Coding Project/Sample Coding Project Tasks.base",
                "linksCollapsed": false,
                "unlinkedCollapsed": true
              },
              "icon": "links-going-out",
              "title": "Outgoing links from Sample Coding Project Tasks"
            }
          },
          {
            "id": "b64d0606acc3223b",
            "type": "leaf",
            "state": {
              "type": "tag",
              "state": {
                "sortOrder": "frequency",
                "useHierarchy": true,
                "showSearch": false,
                "searchQuery": ""
              },
              "icon": "lucide-tags",
              "title": "Tags"
            }
          },
          {
            "id": "fcb9ce67d1daee9f",
            "type": "leaf",
            "state": {
              "type": "outline",
              "state": {
                "file": "Draft.md",
                "followCursor": false,
                "showSearch": false,
                "searchQuery": ""
              },
              "icon": "lucide-list",
              "title": "Outline of Draft"
            }
          }
        ]
      }
    ],
    "direction": "horizontal",
    "width": 300
  },
  "left-ribbon": {
    "hiddenItems": {
      "switcher:Open quick switcher": false,
      "graph:Open graph view": false,
      "canvas:Create new canvas": false,
      "daily-notes:Open today's daily note": false,
      "templates:Insert template": false,
      "command-palette:Open command palette": false,
      "bases:Create new base": false
    }
  },
  "active": "b311e734b510e81e",
  "lastOpenFiles": [
    "Bibliography/James Clear - Atomic Habits.md",
    "Bibliography/Bibliography.base",
    "Contacts/Contacts.base",
    "Contacts/John Doe.md",
    "Knowledge/Productivity/Productivity.md",
    "Meetings/2025/2025-10-23 - indiemakernotes - Weekly client meeting.md",
    "Projects/indiemakernotes/indiemakernotes.md",
    "Projects/Newsletter/1 - I finally found the perfect note-taking system.md",
    "Projects/Sample External Project/Sample External Project Report.base",
    "Projects/Sample Coding Project/Sample Coding Project Tasks.base",
    "Projects/Sample Coding Project/Sample Coding Project Meetings.base",
    "Tasks/2025-10-23 - Sample Coding Project - My first task.md",
    "Home.md",
    "Contacts/Razvan Muntian.md",
    "Projects/Newsletter/Newsletter.md",
    "Draft.md",
    "Projects/Sample External Project/Sample External Project.md",
    "Tasks/2025-10-09 - Sample External Project - 1004.md",
    "Projects/Sample Coding Project/Sample Coding Project.md",
    "Projects/indiemakernotes",
    "Meetings/Meetings.base",
    "Contacts/John Doe2.md",
    "Meetings/2025/2025-10-09 - Sample External Project - Weekly meeting.md",
    "Bibliography/TEST - TEST.md",
    "Meetings/2025/2025-10-09 - Sample Coding Project - Learning About Obsidian Vaults.md",
    "Meetings/2025/2025-10-08 - Sample Coding Project - Project Onboarding.md",
    "Bibliography/Greg McKeown - Essentialism.md",
    "Meetings/2025/2025-10-22 - ABC - Monthly Review.md",
    "Templates/Template Meeting.md",
    "Meetings/2025/2025-10-22 - ABC - Morning daily meeting.md",
    "Knowledge/Authors/James Clear.md",
    "Knowledge/Business/Startups",
    "Knowledge/Business",
    "Knowledge/Programming/Rust",
    "Knowledge/Authors/Authors.md",
    "Projects/Sample Coding Project/Sample Coding Project Meetings.canvas"
  ]
}